timeStamp,elapsed,label,responseCode,responseMessage,threadName,dataType,success,failureMessage,bytes,sentBytes,grpThreads,allThreads,URL,Latency,IdleTime,Connect
1707551168723,1359,home/-43,200,OK,The IT Depot Load Test 1-1,text,true,,196570,677,2,2,https://www.theitdepot.com/,1218,0,662
1707551169649,1002,home/-43,200,OK,The IT Depot Load Test 1-2,text,true,,195564,677,3,3,https://www.theitdepot.com/,852,0,387
1707551170090,1172,search/search.html-96,200,OK,The IT Depot Load Test 1-1,text,true,,174975,748,3,3,https://www.theitdepot.com/search.html?keywords=mouse,1028,0,0
1707551170653,1084,search/search.html-96,200,OK,The IT Depot Load Test 1-2,text,true,,174975,748,4,4,https://www.theitdepot.com/search.html?keywords=mouse,932,0,0
1707551170648,1257,home/-43,200,OK,The IT Depot Load Test 1-3,text,true,,196218,677,4,4,https://www.theitdepot.com/,1115,0,481
1707551171265,803,product/details-Ant+Esports+GM40+Optical+RGB+Wired+Gaming+Mouse+-+Black_C9P38645.html-164,200,OK,The IT Depot Load Test 1-1,text,true,,173046,825,4,4,https://www.theitdepot.com/details-Ant+Esports+GM40+Optical+RGB+Wired+Gaming+Mouse+-+Black_C9P38645.html,688,0,0
1707551171740,763,product/details-Ant+Esports+GM40+Optical+RGB+Wired+Gaming+Mouse+-+Black_C9P38645.html-164,200,OK,The IT Depot Load Test 1-2,text,true,,162164,825,4,4,https://www.theitdepot.com/details-Ant+Esports+GM40+Optical+RGB+Wired+Gaming+Mouse+-+Black_C9P38645.html,651,0,0
1707551171652,1052,home/-43,200,OK,The IT Depot Load Test 1-4,text,true,,196111,677,5,5,https://www.theitdepot.com/,907,0,382
1707551172069,740,cart/shopping-cart.html-190,200,OK,The IT Depot Load Test 1-1,text,true,,106240,817,5,5,https://www.theitdepot.com/shopping-cart.html,626,0,0
1707551171906,1046,search/search.html-96,200,OK,The IT Depot Load Test 1-3,text,true,,174975,748,5,5,https://www.theitdepot.com/search.html?keywords=mouse,904,0,0
1707551172504,749,cart/shopping-cart.html-190,200,OK,The IT Depot Load Test 1-2,text,true,,106240,817,5,5,https://www.theitdepot.com/shopping-cart.html,641,0,0
1707551172811,733,checkout/checkout.html-211,200,OK,The IT Depot Load Test 1-1,text,true,,70207,779,5,5,https://www.theitdepot.com/checkout.html,659,0,0
1707551172643,1083,home/-43,200,OK,The IT Depot Load Test 1-5,text,true,,196467,677,5,5,https://www.theitdepot.com/,936,0,372
1707551173255,523,checkout/checkout.html-211,200,OK,The IT Depot Load Test 1-2,text,true,,70207,779,5,5,https://www.theitdepot.com/checkout.html,448,0,0
1707551172955,854,product/details-Ant+Esports+GM40+Optical+RGB+Wired+Gaming+Mouse+-+Black_C9P38645.html-164,200,OK,The IT Depot Load Test 1-3,text,true,,162164,825,4,4,https://www.theitdepot.com/details-Ant+Esports+GM40+Optical+RGB+Wired+Gaming+Mouse+-+Black_C9P38645.html,739,0,0
1707551172706,1223,search/search.html-96,200,OK,The IT Depot Load Test 1-4,text,true,,174975,748,4,4,https://www.theitdepot.com/search.html?keywords=mouse,1083,0,0
1707551173811,730,cart/shopping-cart.html-190,200,OK,The IT Depot Load Test 1-3,text,true,,106240,817,4,4,https://www.theitdepot.com/shopping-cart.html,621,0,0
1707551173640,1048,home/-43,200,OK,The IT Depot Load Test 1-6,text,true,,196567,677,5,5,https://www.theitdepot.com/,900,0,392
1707551173932,864,product/details-Ant+Esports+GM40+Optical+RGB+Wired+Gaming+Mouse+-+Black_C9P38645.html-164,200,OK,The IT Depot Load Test 1-4,text,true,,174550,825,5,5,https://www.theitdepot.com/details-Ant+Esports+GM40+Optical+RGB+Wired+Gaming+Mouse+-+Black_C9P38645.html,720,0,0
1707551173729,1155,search/search.html-96,200,OK,The IT Depot Load Test 1-5,text,true,,174975,748,5,5,https://www.theitdepot.com/search.html?keywords=mouse,1007,0,0
1707551174543,669,checkout/checkout.html-211,200,OK,The IT Depot Load Test 1-3,text,true,,70207,779,5,5,https://www.theitdepot.com/checkout.html,598,0,0
1707551174797,682,cart/shopping-cart.html-190,200,OK,The IT Depot Load Test 1-4,text,true,,106240,817,4,4,https://www.theitdepot.com/shopping-cart.html,571,0,0
1707551174886,793,product/details-Ant+Esports+GM40+Optical+RGB+Wired+Gaming+Mouse+-+Black_C9P38645.html-164,200,OK,The IT Depot Load Test 1-5,text,true,,162164,825,5,5,https://www.theitdepot.com/details-Ant+Esports+GM40+Optical+RGB+Wired+Gaming+Mouse+-+Black_C9P38645.html,679,0,0
1707551174638,1184,home/-43,200,OK,The IT Depot Load Test 1-7,text,true,,196422,677,5,5,https://www.theitdepot.com/,1040,0,403
1707551174690,1161,search/search.html-96,200,OK,The IT Depot Load Test 1-6,text,true,,174975,748,5,5,https://www.theitdepot.com/search.html?keywords=mouse,1011,0,0
1707551175480,619,checkout/checkout.html-211,200,OK,The IT Depot Load Test 1-4,text,true,,70207,779,5,5,https://www.theitdepot.com/checkout.html,547,0,0
1707551175680,766,cart/shopping-cart.html-190,200,OK,The IT Depot Load Test 1-5,text,true,,106240,817,4,4,https://www.theitdepot.com/shopping-cart.html,660,0,0
1707551175854,854,product/details-Ant+Esports+GM40+Optical+RGB+Wired+Gaming+Mouse+-+Black_C9P38645.html-164,200,OK,The IT Depot Load Test 1-6,text,true,,173673,825,5,5,https://www.theitdepot.com/details-Ant+Esports+GM40+Optical+RGB+Wired+Gaming+Mouse+-+Black_C9P38645.html,709,0,0
1707551175637,1115,home/-43,200,OK,The IT Depot Load Test 1-8,text,true,,196486,677,5,5,https://www.theitdepot.com/,972,0,394
1707551175824,1219,search/search.html-96,200,OK,The IT Depot Load Test 1-7,text,true,,174975,748,5,5,https://www.theitdepot.com/search.html?keywords=mouse,1070,0,0
1707551176447,662,checkout/checkout.html-211,200,OK,The IT Depot Load Test 1-5,text,true,,70207,779,5,5,https://www.theitdepot.com/checkout.html,588,0,0
1707551176709,721,cart/shopping-cart.html-190,200,OK,The IT Depot Load Test 1-6,text,true,,106240,817,4,4,https://www.theitdepot.com/shopping-cart.html,612,0,0
1707551176637,1209,home/-43,200,OK,The IT Depot Load Test 1-9,text,true,,196290,677,5,5,https://www.theitdepot.com/,1065,0,482
1707551177044,955,product/details-Ant+Esports+GM40+Optical+RGB+Wired+Gaming+Mouse+-+Black_C9P38645.html-164,200,OK,The IT Depot Load Test 1-7,text,true,,175121,825,5,5,https://www.theitdepot.com/details-Ant+Esports+GM40+Optical+RGB+Wired+Gaming+Mouse+-+Black_C9P38645.html,812,0,0
1707551176753,1263,search/search.html-96,200,OK,The IT Depot Load Test 1-8,text,true,,174975,748,5,5,https://www.theitdepot.com/search.html?keywords=mouse,1122,0,0
1707551177431,727,checkout/checkout.html-211,200,OK,The IT Depot Load Test 1-6,text,true,,70207,779,5,5,https://www.theitdepot.com/checkout.html,653,0,0
1707551177635,1087,home/-43,200,OK,The IT Depot Load Test 1-10,text,true,,196582,677,5,5,https://www.theitdepot.com/,940,0,383
1707551178000,759,cart/shopping-cart.html-190,200,OK,The IT Depot Load Test 1-7,text,true,,106240,817,5,5,https://www.theitdepot.com/shopping-cart.html,650,0,0
1707551178017,901,product/details-Ant+Esports+GM40+Optical+RGB+Wired+Gaming+Mouse+-+Black_C9P38645.html-164,200,OK,The IT Depot Load Test 1-8,text,true,,162164,825,5,5,https://www.theitdepot.com/details-Ant+Esports+GM40+Optical+RGB+Wired+Gaming+Mouse+-+Black_C9P38645.html,784,0,0
1707551177847,1097,search/search.html-96,200,OK,The IT Depot Load Test 1-9,text,true,,174975,748,5,5,https://www.theitdepot.com/search.html?keywords=mouse,954,0,0
1707551178761,575,checkout/checkout.html-211,200,OK,The IT Depot Load Test 1-7,text,true,,70207,779,5,5,https://www.theitdepot.com/checkout.html,502,0,0
1707551178634,1081,home/-43,200,OK,The IT Depot Load Test 1-11,text,true,,196412,677,5,5,https://www.theitdepot.com/,933,0,379
1707551178919,867,cart/shopping-cart.html-190,200,OK,The IT Depot Load Test 1-8,text,true,,106240,817,5,5,https://www.theitdepot.com/shopping-cart.html,758,0,0
1707551178724,1109,search/search.html-96,200,OK,The IT Depot Load Test 1-10,text,true,,174975,748,5,5,https://www.theitdepot.com/search.html?keywords=mouse,968,0,0
1707551178946,959,product/details-Ant+Esports+GM40+Optical+RGB+Wired+Gaming+Mouse+-+Black_C9P38645.html-164,200,OK,The IT Depot Load Test 1-9,text,true,,162164,825,5,5,https://www.theitdepot.com/details-Ant+Esports+GM40+Optical+RGB+Wired+Gaming+Mouse+-+Black_C9P38645.html,843,0,0
1707551179788,567,checkout/checkout.html-211,200,OK,The IT Depot Load Test 1-8,text,true,,70207,779,5,5,https://www.theitdepot.com/checkout.html,494,0,0
1707551179835,884,product/details-Ant+Esports+GM40+Optical+RGB+Wired+Gaming+Mouse+-+Black_C9P38645.html-164,200,OK,The IT Depot Load Test 1-10,text,true,,162164,825,5,5,https://www.theitdepot.com/details-Ant+Esports+GM40+Optical+RGB+Wired+Gaming+Mouse+-+Black_C9P38645.html,773,0,0
1707551179716,1072,search/search.html-96,200,OK,The IT Depot Load Test 1-11,text,true,,174975,748,5,5,https://www.theitdepot.com/search.html?keywords=mouse,928,0,0
1707551179633,1167,home/-43,200,OK,The IT Depot Load Test 1-12,text,true,,196346,677,5,5,https://www.theitdepot.com/,1018,0,421
1707551179906,927,cart/shopping-cart.html-190,200,OK,The IT Depot Load Test 1-9,text,true,,106240,817,5,5,https://www.theitdepot.com/shopping-cart.html,814,0,0
1707551180720,787,cart/shopping-cart.html-190,200,OK,The IT Depot Load Test 1-10,text,true,,106240,817,5,5,https://www.theitdepot.com/shopping-cart.html,683,0,0
1707551180789,748,product/details-Ant+Esports+GM40+Optical+RGB+Wired+Gaming+Mouse+-+Black_C9P38645.html-164,200,OK,The IT Depot Load Test 1-11,text,true,,162164,825,5,5,https://www.theitdepot.com/details-Ant+Esports+GM40+Optical+RGB+Wired+Gaming+Mouse+-+Black_C9P38645.html,636,0,0
1707551180834,790,checkout/checkout.html-211,200,OK,The IT Depot Load Test 1-9,text,true,,70207,779,5,5,https://www.theitdepot.com/checkout.html,715,0,0
1707551180631,1226,home/-43,200,OK,The IT Depot Load Test 1-13,text,true,,196082,677,5,5,https://www.theitdepot.com/,1081,0,483
1707551180801,1174,search/search.html-96,200,OK,The IT Depot Load Test 1-12,text,true,,174975,748,5,5,https://www.theitdepot.com/search.html?keywords=mouse,1031,0,0
1707551181509,659,checkout/checkout.html-211,200,OK,The IT Depot Load Test 1-10,text,true,,70207,779,5,5,https://www.theitdepot.com/checkout.html,587,0,0
1707551181538,867,cart/shopping-cart.html-190,200,OK,The IT Depot Load Test 1-11,text,true,,106240,817,4,4,https://www.theitdepot.com/shopping-cart.html,758,0,0
1707551181629,1140,home/-43,200,OK,The IT Depot Load Test 1-14,text,true,,195857,677,5,5,https://www.theitdepot.com/,996,0,385
1707551181977,801,product/details-Ant+Esports+GM40+Optical+RGB+Wired+Gaming+Mouse+-+Black_C9P38645.html-164,200,OK,The IT Depot Load Test 1-12,text,true,,173740,825,5,5,https://www.theitdepot.com/details-Ant+Esports+GM40+Optical+RGB+Wired+Gaming+Mouse+-+Black_C9P38645.html,657,0,0
1707551181858,1029,search/search.html-96,200,OK,The IT Depot Load Test 1-13,text,true,,174975,748,5,5,https://www.theitdepot.com/search.html?keywords=mouse,883,0,0
1707551182407,648,checkout/checkout.html-211,200,OK,The IT Depot Load Test 1-11,text,true,,70207,779,5,5,https://www.theitdepot.com/checkout.html,576,0,0
1707551182780,669,cart/shopping-cart.html-190,200,OK,The IT Depot Load Test 1-12,text,true,,106240,817,4,4,https://www.theitdepot.com/shopping-cart.html,560,0,0
1707551182626,1098,home/-43,200,OK,The IT Depot Load Test 1-15,text,true,,196355,677,5,5,https://www.theitdepot.com/,948,0,388
1707551182889,942,product/details-Ant+Esports+GM40+Optical+RGB+Wired+Gaming+Mouse+-+Black_C9P38645.html-164,200,OK,The IT Depot Load Test 1-13,text,true,,175435,825,5,5,https://www.theitdepot.com/details-Ant+Esports+GM40+Optical+RGB+Wired+Gaming+Mouse+-+Black_C9P38645.html,795,0,0
1707551182770,1170,search/search.html-96,200,OK,The IT Depot Load Test 1-14,text,true,,174975,748,5,5,https://www.theitdepot.com/search.html?keywords=mouse,1029,0,0
1707551183450,884,checkout/checkout.html-211,200,OK,The IT Depot Load Test 1-12,text,true,,70207,779,5,5,https://www.theitdepot.com/checkout.html,811,0,0
1707551183831,781,cart/shopping-cart.html-190,200,OK,The IT Depot Load Test 1-13,text,true,,106240,817,4,4,https://www.theitdepot.com/shopping-cart.html,674,0,0
1707551183624,1139,home/-43,200,OK,The IT Depot Load Test 1-16,text,true,,195791,677,5,5,https://www.theitdepot.com/,995,0,402
1707551183941,850,product/details-Ant+Esports+GM40+Optical+RGB+Wired+Gaming+Mouse+-+Black_C9P38645.html-164,200,OK,The IT Depot Load Test 1-14,text,true,,162164,825,5,5,https://www.theitdepot.com/details-Ant+Esports+GM40+Optical+RGB+Wired+Gaming+Mouse+-+Black_C9P38645.html,741,0,0
1707551183726,1122,search/search.html-96,200,OK,The IT Depot Load Test 1-15,text,true,,174975,748,5,5,https://www.theitdepot.com/search.html?keywords=mouse,978,0,0
1707551184613,649,checkout/checkout.html-211,200,OK,The IT Depot Load Test 1-13,text,true,,70207,779,5,5,https://www.theitdepot.com/checkout.html,576,0,0
1707551184791,658,cart/shopping-cart.html-190,200,OK,The IT Depot Load Test 1-14,text,true,,106240,817,4,4,https://www.theitdepot.com/shopping-cart.html,551,0,0
1707551184622,1017,home/-43,200,OK,The IT Depot Load Test 1-17,text,true,,196709,677,5,5,https://www.theitdepot.com/,868,0,366
1707551184849,866,product/details-Ant+Esports+GM40+Optical+RGB+Wired+Gaming+Mouse+-+Black_C9P38645.html-164,200,OK,The IT Depot Load Test 1-15,text,true,,162164,825,5,5,https://www.theitdepot.com/details-Ant+Esports+GM40+Optical+RGB+Wired+Gaming+Mouse+-+Black_C9P38645.html,753,0,0
1707551184764,1104,search/search.html-96,200,OK,The IT Depot Load Test 1-16,text,true,,174975,748,5,5,https://www.theitdepot.com/search.html?keywords=mouse,962,0,0
1707551185449,709,checkout/checkout.html-211,200,OK,The IT Depot Load Test 1-14,text,true,,70207,779,5,5,https://www.theitdepot.com/checkout.html,638,0,0
1707551185716,649,cart/shopping-cart.html-190,200,OK,The IT Depot Load Test 1-15,text,true,,106240,817,4,4,https://www.theitdepot.com/shopping-cart.html,540,0,0
1707551185870,776,product/details-Ant+Esports+GM40+Optical+RGB+Wired+Gaming+Mouse+-+Black_C9P38645.html-164,200,OK,The IT Depot Load Test 1-16,text,true,,174568,825,5,5,https://www.theitdepot.com/details-Ant+Esports+GM40+Optical+RGB+Wired+Gaming+Mouse+-+Black_C9P38645.html,630,0,0
1707551185620,1133,home/-43,200,OK,The IT Depot Load Test 1-18,text,true,,196597,677,5,5,https://www.theitdepot.com/,987,0,428
1707551185640,1208,search/search.html-96,200,OK,The IT Depot Load Test 1-17,text,true,,174975,748,5,5,https://www.theitdepot.com/search.html?keywords=mouse,1065,0,0
1707551186366,782,checkout/checkout.html-211,200,OK,The IT Depot Load Test 1-15,text,true,,70207,779,5,5,https://www.theitdepot.com/checkout.html,710,0,0
1707551186647,819,cart/shopping-cart.html-190,200,OK,The IT Depot Load Test 1-16,text,true,,106240,817,4,4,https://www.theitdepot.com/shopping-cart.html,712,0,0
1707551186849,857,product/details-Ant+Esports+GM40+Optical+RGB+Wired+Gaming+Mouse+-+Black_C9P38645.html-164,200,OK,The IT Depot Load Test 1-17,text,true,,174049,825,5,5,https://www.theitdepot.com/details-Ant+Esports+GM40+Optical+RGB+Wired+Gaming+Mouse+-+Black_C9P38645.html,712,0,0
1707551186620,1199,home/-43,200,OK,The IT Depot Load Test 1-19,text,true,,196491,677,5,5,https://www.theitdepot.com/,1056,0,531
1707551186754,1235,search/search.html-96,200,OK,The IT Depot Load Test 1-18,text,true,,174975,748,5,5,https://www.theitdepot.com/search.html?keywords=mouse,1088,0,0
1707551187708,874,cart/shopping-cart.html-190,200,OK,The IT Depot Load Test 1-17,text,true,,106240,817,5,5,https://www.theitdepot.com/shopping-cart.html,752,0,0
1707551187619,1037,home/-43,200,OK,The IT Depot Load Test 1-20,text,true,,196599,677,5,5,https://www.theitdepot.com/,878,0,375
1707551187467,1286,checkout/checkout.html-211,200,OK,The IT Depot Load Test 1-16,text,true,,70207,779,5,5,https://www.theitdepot.com/checkout.html,1190,0,0
1707551187992,1222,product/details-Ant+Esports+GM40+Optical+RGB+Wired+Gaming+Mouse+-+Black_C9P38645.html-164,200,OK,The IT Depot Load Test 1-18,text,true,,162164,825,4,4,https://www.theitdepot.com/details-Ant+Esports+GM40+Optical+RGB+Wired+Gaming+Mouse+-+Black_C9P38645.html,1084,0,0
1707551187820,1428,search/search.html-96,200,OK,The IT Depot Load Test 1-19,text,true,,174975,748,4,4,https://www.theitdepot.com/search.html?keywords=mouse,1272,0,0
1707551188583,906,checkout/checkout.html-211,200,OK,The IT Depot Load Test 1-17,text,true,,70207,779,4,4,https://www.theitdepot.com/checkout.html,833,0,0
1707551188657,1305,search/search.html-96,200,OK,The IT Depot Load Test 1-20,text,true,,174975,748,3,3,https://www.theitdepot.com/search.html?keywords=mouse,1153,0,0
1707551189250,897,product/details-Ant+Esports+GM40+Optical+RGB+Wired+Gaming+Mouse+-+Black_C9P38645.html-164,200,OK,The IT Depot Load Test 1-19,text,true,,162164,825,3,3,https://www.theitdepot.com/details-Ant+Esports+GM40+Optical+RGB+Wired+Gaming+Mouse+-+Black_C9P38645.html,785,0,0
1707551189216,1340,cart/shopping-cart.html-190,200,OK,The IT Depot Load Test 1-18,text,true,,106240,817,3,3,https://www.theitdepot.com/shopping-cart.html,1231,0,0
1707551190150,725,cart/shopping-cart.html-190,200,OK,The IT Depot Load Test 1-19,text,true,,106240,817,3,3,https://www.theitdepot.com/shopping-cart.html,619,0,0
1707551189965,1139,product/details-Ant+Esports+GM40+Optical+RGB+Wired+Gaming+Mouse+-+Black_C9P38645.html-164,200,OK,The IT Depot Load Test 1-20,text,true,,174170,825,3,3,https://www.theitdepot.com/details-Ant+Esports+GM40+Optical+RGB+Wired+Gaming+Mouse+-+Black_C9P38645.html,995,0,0
1707551190559,571,checkout/checkout.html-211,200,OK,The IT Depot Load Test 1-18,text,true,,70207,779,3,3,https://www.theitdepot.com/checkout.html,500,0,0
1707551190876,609,checkout/checkout.html-211,200,OK,The IT Depot Load Test 1-19,text,true,,70207,779,2,2,https://www.theitdepot.com/checkout.html,536,0,0
1707551191105,635,cart/shopping-cart.html-190,200,OK,The IT Depot Load Test 1-20,text,true,,106240,817,1,1,https://www.theitdepot.com/shopping-cart.html,526,0,0
1707551191741,790,checkout/checkout.html-211,200,OK,The IT Depot Load Test 1-20,text,true,,70207,779,1,1,https://www.theitdepot.com/checkout.html,719,0,0
