timeStamp,elapsed,label,responseCode,responseMessage,threadName,dataType,success,failureMessage,bytes,sentBytes,grpThreads,allThreads,URL,Latency,IdleTime,Connect
1707558048321,1222,home/-43,200,OK,The IT Depot Smoke Test 2-1,text,true,,196591,677,1,3,https://www.theitdepot.com/,1078,0,582
1707558048321,1306,home/-43,200,OK,The IT Depot Load Test 1-1,text,true,,196346,677,2,3,https://www.theitdepot.com/,1161,0,642
1707558049259,1024,home/-43,200,OK,The IT Depot Load Test 1-2,text,true,,196411,677,3,5,https://www.theitdepot.com/,881,0,383
1707558049550,1113,search/search.html-96,200,OK,The IT Depot Smoke Test 2-1,text,false,"The operation lasted too long: It took 1,113 milliseconds, but should not have lasted longer than 1,100 milliseconds.",174975,748,2,5,https://www.theitdepot.com/search.html?keywords=mouse,969,0,0
1707558049629,1076,search/search.html-96,200,OK,The IT Depot Load Test 1-1,text,true,,175516,751,3,4,https://www.theitdepot.com/search.html?keywords=Keyboard,933,0,0
1707558050268,1021,home/-43,200,OK,The IT Depot Smoke Test 2-2,text,true,,196629,677,1,5,https://www.theitdepot.com/,870,0,392
1707558050252,1155,home/-43,200,OK,The IT Depot Load Test 1-3,text,true,,196552,677,4,5,https://www.theitdepot.com/,1008,0,433
1707558050707,716,product/details-Ant+Esports+GM40+Optical+RGB+Wired+Gaming+Mouse+-+Black_C9P38645.html-164,200,OK,The IT Depot Load Test 1-1,text,true,,162164,825,4,5,https://www.theitdepot.com/details-Ant+Esports+GM40+Optical+RGB+Wired+Gaming+Mouse+-+Black_C9P38645.html,605,0,0
1707558050285,1217,search/search.html-96,200,OK,The IT Depot Load Test 1-2,text,true,,174975,748,4,5,https://www.theitdepot.com/search.html?keywords=mouse,1079,0,0
1707558051424,893,cart/shopping-cart.html-190,200,OK,The IT Depot Load Test 1-1,text,true,,106240,817,5,7,https://www.theitdepot.com/shopping-cart.html,782,0,0
1707558051291,1139,search/search.html-96,200,OK,The IT Depot Smoke Test 2-2,text,false,"The operation lasted too long: It took 1,139 milliseconds, but should not have lasted longer than 1,100 milliseconds.",174975,748,2,7,https://www.theitdepot.com/search.html?keywords=mouse,998,0,0
1707558051251,1211,home/-43,200,OK,The IT Depot Load Test 1-4,text,true,,196294,677,5,6,https://www.theitdepot.com/,1066,0,384
1707558051504,1037,product/details-Ant+Esports+GM40+Optical+RGB+Wired+Gaming+Mouse+-+Black_C9P38645.html-164,200,OK,The IT Depot Load Test 1-2,text,true,,162164,825,5,6,https://www.theitdepot.com/details-Ant+Esports+GM40+Optical+RGB+Wired+Gaming+Mouse+-+Black_C9P38645.html,923,0,0
1707558051409,1319,search/search.html-96,200,OK,The IT Depot Load Test 1-3,text,true,,175516,751,5,6,https://www.theitdepot.com/search.html?keywords=Keyboard,1179,0,0
1707558052319,586,checkout/checkout.html-211,200,OK,The IT Depot Load Test 1-1,text,true,,70207,779,5,6,https://www.theitdepot.com/checkout.html,514,0,0
1707558052542,677,cart/shopping-cart.html-190,200,OK,The IT Depot Load Test 1-2,text,true,,106240,817,4,5,https://www.theitdepot.com/shopping-cart.html,567,0,0
1707558052280,1006,home/-43,200,OK,The IT Depot Smoke Test 2-3,text,true,,196057,677,1,6,https://www.theitdepot.com/,861,0,384
1707558052251,1148,home/-43,200,OK,The IT Depot Load Test 1-5,text,true,,196271,677,5,6,https://www.theitdepot.com/,1003,0,447
1707558052464,1028,search/search.html-96,200,OK,The IT Depot Load Test 1-4,text,true,,175516,751,5,6,https://www.theitdepot.com/search.html?keywords=Keyboard,881,0,0
1707558052730,802,product/details-Ant+Esports+GM40+Optical+RGB+Wired+Gaming+Mouse+-+Black_C9P38645.html-164,200,OK,The IT Depot Load Test 1-3,text,true,,162164,825,5,6,https://www.theitdepot.com/details-Ant+Esports+GM40+Optical+RGB+Wired+Gaming+Mouse+-+Black_C9P38645.html,687,0,0
1707558053221,568,checkout/checkout.html-211,200,OK,The IT Depot Load Test 1-2,text,true,,70207,779,5,6,https://www.theitdepot.com/checkout.html,494,0,0
1707558053535,674,cart/shopping-cart.html-190,200,OK,The IT Depot Load Test 1-3,text,true,,106240,817,4,5,https://www.theitdepot.com/shopping-cart.html,568,0,0
1707558053249,1084,home/-43,200,OK,The IT Depot Load Test 1-6,text,true,,196207,677,5,7,https://www.theitdepot.com/,935,0,375
1707558053494,875,product/details-Ant+Esports+GM40+Optical+RGB+Wired+Gaming+Mouse+-+Black_C9P38645.html-164,200,OK,The IT Depot Load Test 1-4,text,true,,174553,825,5,7,https://www.theitdepot.com/details-Ant+Esports+GM40+Optical+RGB+Wired+Gaming+Mouse+-+Black_C9P38645.html,728,0,0
1707558053287,1204,search/search.html-96,200,OK,The IT Depot Smoke Test 2-3,text,false,"The operation lasted too long: It took 1,204 milliseconds, but should not have lasted longer than 1,100 milliseconds.",175516,751,2,7,https://www.theitdepot.com/search.html?keywords=Keyboard,1063,0,0
1707558053401,1105,search/search.html-96,200,OK,The IT Depot Load Test 1-5,text,true,,174975,748,5,6,https://www.theitdepot.com/search.html?keywords=mouse,964,0,0
1707558054211,748,checkout/checkout.html-211,200,OK,The IT Depot Load Test 1-3,text,true,,70207,779,5,6,https://www.theitdepot.com/checkout.html,677,0,0
1707558054369,766,cart/shopping-cart.html-190,200,OK,The IT Depot Load Test 1-4,text,true,,106240,817,4,5,https://www.theitdepot.com/shopping-cart.html,658,0,0
1707558054268,1001,home/-43,200,OK,The IT Depot Smoke Test 2-4,text,true,,196774,677,1,6,https://www.theitdepot.com/,854,0,361
1707558054507,847,product/details-Ant+Esports+GM40+Optical+RGB+Wired+Gaming+Mouse+-+Black_C9P38645.html-164,200,OK,The IT Depot Load Test 1-5,text,true,,162164,825,5,6,https://www.theitdepot.com/details-Ant+Esports+GM40+Optical+RGB+Wired+Gaming+Mouse+-+Black_C9P38645.html,731,0,0
1707558054246,1129,home/-43,200,OK,The IT Depot Load Test 1-7,text,true,,196240,677,5,6,https://www.theitdepot.com/,990,0,376
1707558054335,1142,search/search.html-96,200,OK,The IT Depot Load Test 1-6,text,true,,174975,748,5,6,https://www.theitdepot.com/search.html?keywords=mouse,1001,0,0
1707558055136,600,checkout/checkout.html-211,200,OK,The IT Depot Load Test 1-4,text,true,,70207,779,5,6,https://www.theitdepot.com/checkout.html,531,0,0
1707558055356,674,cart/shopping-cart.html-190,200,OK,The IT Depot Load Test 1-5,text,true,,106240,817,4,5,https://www.theitdepot.com/shopping-cart.html,563,0,0
1707558055479,791,product/details-Ant+Esports+GM40+Optical+RGB+Wired+Gaming+Mouse+-+Black_C9P38645.html-164,200,OK,The IT Depot Load Test 1-6,text,true,,162164,825,5,7,https://www.theitdepot.com/details-Ant+Esports+GM40+Optical+RGB+Wired+Gaming+Mouse+-+Black_C9P38645.html,672,0,0
1707558055245,1172,home/-43,200,OK,The IT Depot Load Test 1-8,text,true,,196469,677,5,7,https://www.theitdepot.com/,1024,0,372
1707558055271,1184,search/search.html-96,200,OK,The IT Depot Smoke Test 2-4,text,false,"The operation lasted too long: It took 1,184 milliseconds, but should not have lasted longer than 1,100 milliseconds.",174975,748,2,7,https://www.theitdepot.com/search.html?keywords=mouse,1034,0,0
1707558055376,1201,search/search.html-96,200,OK,The IT Depot Load Test 1-7,text,true,,175516,751,5,6,https://www.theitdepot.com/search.html?keywords=Keyboard,1058,0,0
1707558056032,721,checkout/checkout.html-211,200,OK,The IT Depot Load Test 1-5,text,true,,70207,779,5,6,https://www.theitdepot.com/checkout.html,648,0,0
1707558056271,621,cart/shopping-cart.html-190,200,OK,The IT Depot Load Test 1-6,text,true,,106240,817,4,5,https://www.theitdepot.com/shopping-cart.html,515,0,0
1707558056242,1047,home/-43,200,OK,The IT Depot Load Test 1-9,text,true,,196461,677,5,6,https://www.theitdepot.com/,905,0,429
1707558056266,1138,home/-43,200,OK,The IT Depot Smoke Test 2-5,text,true,,196339,677,1,6,https://www.theitdepot.com/,991,0,467
1707558056579,1110,product/details-Ant+Esports+GM40+Optical+RGB+Wired+Gaming+Mouse+-+Black_C9P38645.html-164,200,OK,The IT Depot Load Test 1-7,text,true,,162164,825,5,6,https://www.theitdepot.com/details-Ant+Esports+GM40+Optical+RGB+Wired+Gaming+Mouse+-+Black_C9P38645.html,997,0,0
1707558056894,803,checkout/checkout.html-211,200,OK,The IT Depot Load Test 1-6,text,true,,70207,779,5,6,https://www.theitdepot.com/checkout.html,735,0,0
1707558056418,1468,search/search.html-96,200,OK,The IT Depot Load Test 1-8,text,true,,175516,751,4,5,https://www.theitdepot.com/search.html?keywords=Keyboard,1326,0,0
1707558057291,1052,search/search.html-96,200,OK,The IT Depot Load Test 1-9,text,true,,174975,748,5,6,https://www.theitdepot.com/search.html?keywords=mouse,908,0,0
1707558057690,695,cart/shopping-cart.html-190,200,OK,The IT Depot Load Test 1-7,text,true,,106240,817,5,6,https://www.theitdepot.com/shopping-cart.html,588,0,0
1707558057239,1332,home/-43,200,OK,The IT Depot Load Test 1-10,text,true,,196397,677,5,6,https://www.theitdepot.com/,1183,0,608
1707558057889,733,product/details-Ant+Esports+GM40+Optical+RGB+Wired+Gaming+Mouse+-+Black_C9P38645.html-164,200,OK,The IT Depot Load Test 1-8,text,true,,162164,825,5,6,https://www.theitdepot.com/details-Ant+Esports+GM40+Optical+RGB+Wired+Gaming+Mouse+-+Black_C9P38645.html,619,0,0
1707558057405,1350,search/search.html-96,200,OK,The IT Depot Smoke Test 2-5,text,false,"The operation lasted too long: It took 1,350 milliseconds, but should not have lasted longer than 1,100 milliseconds.",175516,751,1,6,https://www.theitdepot.com/search.html?keywords=Keyboard,1208,0,0
1707558058384,794,checkout/checkout.html-211,200,OK,The IT Depot Load Test 1-7,text,true,,70207,779,5,5,https://www.theitdepot.com/checkout.html,720,0,0
1707558058343,1030,product/details-Ant+Esports+GM40+Optical+RGB+Wired+Gaming+Mouse+-+Black_C9P38645.html-164,200,OK,The IT Depot Load Test 1-9,text,true,,162164,825,5,5,https://www.theitdepot.com/details-Ant+Esports+GM40+Optical+RGB+Wired+Gaming+Mouse+-+Black_C9P38645.html,917,0,0
1707558058623,896,cart/shopping-cart.html-190,200,OK,The IT Depot Load Test 1-8,text,true,,106240,817,5,5,https://www.theitdepot.com/shopping-cart.html,786,0,0
1707558058237,1311,home/-43,200,OK,The IT Depot Load Test 1-11,text,true,,196342,677,5,5,https://www.theitdepot.com/,1171,0,474
1707558058571,1202,search/search.html-96,200,OK,The IT Depot Load Test 1-10,text,true,,174975,748,5,5,https://www.theitdepot.com/search.html?keywords=mouse,1063,0,0
1707558059374,624,cart/shopping-cart.html-190,200,OK,The IT Depot Load Test 1-9,text,true,,106240,817,5,5,https://www.theitdepot.com/shopping-cart.html,514,0,0
1707558059520,570,checkout/checkout.html-211,200,OK,The IT Depot Load Test 1-8,text,true,,70207,779,5,5,https://www.theitdepot.com/checkout.html,499,0,0
1707558059235,1018,home/-43,200,OK,The IT Depot Load Test 1-12,text,true,,197016,677,5,5,https://www.theitdepot.com/,873,0,372
1707558059776,703,product/details-Ant+Esports+GM40+Optical+RGB+Wired+Gaming+Mouse+-+Black_C9P38645.html-164,200,OK,The IT Depot Load Test 1-10,text,true,,174207,825,5,5,https://www.theitdepot.com/details-Ant+Esports+GM40+Optical+RGB+Wired+Gaming+Mouse+-+Black_C9P38645.html,562,0,0
1707558059548,1121,search/search.html-96,200,OK,The IT Depot Load Test 1-11,text,true,,175516,751,5,5,https://www.theitdepot.com/search.html?keywords=Keyboard,969,0,0
1707558060000,671,checkout/checkout.html-211,200,OK,The IT Depot Load Test 1-9,text,true,,70207,779,5,5,https://www.theitdepot.com/checkout.html,599,0,0
1707558060481,669,cart/shopping-cart.html-190,200,OK,The IT Depot Load Test 1-10,text,true,,106240,817,4,4,https://www.theitdepot.com/shopping-cart.html,556,0,0
1707558060254,1023,search/search.html-96,200,OK,The IT Depot Load Test 1-12,text,true,,174975,748,5,5,https://www.theitdepot.com/search.html?keywords=mouse,876,0,0
1707558060670,776,product/details-Ant+Esports+GM40+Optical+RGB+Wired+Gaming+Mouse+-+Black_C9P38645.html-164,200,OK,The IT Depot Load Test 1-11,text,true,,162164,825,5,5,https://www.theitdepot.com/details-Ant+Esports+GM40+Optical+RGB+Wired+Gaming+Mouse+-+Black_C9P38645.html,664,0,0
1707558060229,1809,home/-43,200,OK,The IT Depot Load Test 1-13,text,true,,196174,677,5,5,https://www.theitdepot.com/,1659,0,462
1707558061447,779,cart/shopping-cart.html-190,200,OK,The IT Depot Load Test 1-11,text,true,,106240,817,6,6,https://www.theitdepot.com/shopping-cart.html,671,0,0
1707558061151,1278,checkout/checkout.html-211,200,OK,The IT Depot Load Test 1-10,text,true,,70207,779,6,6,https://www.theitdepot.com/checkout.html,1206,0,0
1707558061278,1267,product/details-Ant+Esports+GM40+Optical+RGB+Wired+Gaming+Mouse+-+Black_C9P38645.html-164,200,OK,The IT Depot Load Test 1-12,text,true,,174041,825,5,5,https://www.theitdepot.com/details-Ant+Esports+GM40+Optical+RGB+Wired+Gaming+Mouse+-+Black_C9P38645.html,1126,0,0
1707558061231,1416,home/-43,200,OK,The IT Depot Load Test 1-14,text,true,,196229,677,5,5,https://www.theitdepot.com/,1269,0,713
1707558062227,664,checkout/checkout.html-211,200,OK,The IT Depot Load Test 1-11,text,true,,70207,779,5,5,https://www.theitdepot.com/checkout.html,593,0,0
1707558062040,1033,search/search.html-96,200,OK,The IT Depot Load Test 1-13,text,true,,175516,751,4,4,https://www.theitdepot.com/search.html?keywords=Keyboard,887,0,0
1707558062226,1082,home/-43,200,OK,The IT Depot Load Test 1-15,text,true,,196446,677,5,5,https://www.theitdepot.com/,935,0,381
1707558062649,984,search/search.html-96,200,OK,The IT Depot Load Test 1-14,text,true,,174975,748,5,5,https://www.theitdepot.com/search.html?keywords=mouse,839,0,0
1707558062547,1176,cart/shopping-cart.html-190,200,OK,The IT Depot Load Test 1-12,text,true,,106240,817,5,5,https://www.theitdepot.com/shopping-cart.html,1069,0,0
1707558063075,886,product/details-Ant+Esports+GM40+Optical+RGB+Wired+Gaming+Mouse+-+Black_C9P38645.html-164,200,OK,The IT Depot Load Test 1-13,text,true,,174471,825,5,5,https://www.theitdepot.com/details-Ant+Esports+GM40+Optical+RGB+Wired+Gaming+Mouse+-+Black_C9P38645.html,738,0,0
1707558063225,1045,home/-43,200,OK,The IT Depot Load Test 1-16,text,true,,196361,677,6,6,https://www.theitdepot.com/,900,0,418
1707558063310,1121,search/search.html-96,200,OK,The IT Depot Load Test 1-15,text,true,,175516,751,6,6,https://www.theitdepot.com/search.html?keywords=Keyboard,977,0,0
1707558063635,865,product/details-Ant+Esports+GM40+Optical+RGB+Wired+Gaming+Mouse+-+Black_C9P38645.html-164,200,OK,The IT Depot Load Test 1-14,text,true,,162164,825,6,6,https://www.theitdepot.com/details-Ant+Esports+GM40+Optical+RGB+Wired+Gaming+Mouse+-+Black_C9P38645.html,755,0,0
1707558063725,791,checkout/checkout.html-211,200,OK,The IT Depot Load Test 1-12,text,true,,70207,779,6,6,https://www.theitdepot.com/checkout.html,718,0,0
1707558063961,664,cart/shopping-cart.html-190,200,OK,The IT Depot Load Test 1-13,text,true,,106240,817,5,5,https://www.theitdepot.com/shopping-cart.html,555,0,0
1707558064432,754,product/details-Ant+Esports+GM40+Optical+RGB+Wired+Gaming+Mouse+-+Black_C9P38645.html-164,200,OK,The IT Depot Load Test 1-15,text,true,,162164,825,5,5,https://www.theitdepot.com/details-Ant+Esports+GM40+Optical+RGB+Wired+Gaming+Mouse+-+Black_C9P38645.html,640,0,0
1707558064501,696,cart/shopping-cart.html-190,200,OK,The IT Depot Load Test 1-14,text,true,,106240,817,5,5,https://www.theitdepot.com/shopping-cart.html,586,0,0
1707558064223,1216,home/-43,200,OK,The IT Depot Load Test 1-17,text,true,,196677,677,6,6,https://www.theitdepot.com/,1067,0,475
1707558064627,892,checkout/checkout.html-211,200,OK,The IT Depot Load Test 1-13,text,true,,70207,779,6,6,https://www.theitdepot.com/checkout.html,820,0,0
1707558064272,1263,search/search.html-96,200,OK,The IT Depot Load Test 1-16,text,true,,174975,748,5,5,https://www.theitdepot.com/search.html?keywords=mouse,1115,0,0
1707558065198,675,checkout/checkout.html-211,200,OK,The IT Depot Load Test 1-14,text,true,,70207,779,5,5,https://www.theitdepot.com/checkout.html,603,0,0
1707558065187,765,cart/shopping-cart.html-190,200,OK,The IT Depot Load Test 1-15,text,true,,106240,817,4,4,https://www.theitdepot.com/shopping-cart.html,658,0,0
1707558065220,1013,home/-43,200,OK,The IT Depot Load Test 1-18,text,true,,196396,677,5,5,https://www.theitdepot.com/,868,0,375
1707558065537,779,product/details-Ant+Esports+GM40+Optical+RGB+Wired+Gaming+Mouse+-+Black_C9P38645.html-164,200,OK,The IT Depot Load Test 1-16,text,true,,162164,825,5,5,https://www.theitdepot.com/details-Ant+Esports+GM40+Optical+RGB+Wired+Gaming+Mouse+-+Black_C9P38645.html,670,0,0
1707558065440,1123,search/search.html-96,200,OK,The IT Depot Load Test 1-17,text,true,,175516,751,5,5,https://www.theitdepot.com/search.html?keywords=Keyboard,979,0,0
1707558065953,744,checkout/checkout.html-211,200,OK,The IT Depot Load Test 1-15,text,true,,70207,779,5,5,https://www.theitdepot.com/checkout.html,668,0,0
1707558066317,690,cart/shopping-cart.html-190,200,OK,The IT Depot Load Test 1-16,text,true,,106240,817,4,4,https://www.theitdepot.com/shopping-cart.html,583,0,0
1707558066219,1050,home/-43,200,OK,The IT Depot Load Test 1-19,text,true,,196670,677,5,5,https://www.theitdepot.com/,904,0,376
1707558066565,821,product/details-Ant+Esports+GM40+Optical+RGB+Wired+Gaming+Mouse+-+Black_C9P38645.html-164,200,OK,The IT Depot Load Test 1-17,text,true,,174239,825,5,5,https://www.theitdepot.com/details-Ant+Esports+GM40+Optical+RGB+Wired+Gaming+Mouse+-+Black_C9P38645.html,680,0,0
1707558066234,1250,search/search.html-96,200,OK,The IT Depot Load Test 1-18,text,true,,174975,748,5,5,https://www.theitdepot.com/search.html?keywords=mouse,1108,0,0
1707558067009,793,checkout/checkout.html-211,200,OK,The IT Depot Load Test 1-16,text,true,,70207,779,5,5,https://www.theitdepot.com/checkout.html,722,0,0
1707558067387,746,cart/shopping-cart.html-190,200,OK,The IT Depot Load Test 1-17,text,true,,106240,817,4,4,https://www.theitdepot.com/shopping-cart.html,640,0,0
1707558067218,1062,home/-43,200,OK,The IT Depot Load Test 1-20,text,true,,196831,677,4,4,https://www.theitdepot.com/,916,0,377
1707558067270,1066,search/search.html-96,200,OK,The IT Depot Load Test 1-19,text,true,,175516,751,4,4,https://www.theitdepot.com/search.html?keywords=Keyboard,923,0,0
1707558067485,929,product/details-Ant+Esports+GM40+Optical+RGB+Wired+Gaming+Mouse+-+Black_C9P38645.html-164,200,OK,The IT Depot Load Test 1-18,text,true,,162164,825,4,4,https://www.theitdepot.com/details-Ant+Esports+GM40+Optical+RGB+Wired+Gaming+Mouse+-+Black_C9P38645.html,821,0,0
1707558068135,564,checkout/checkout.html-211,200,OK,The IT Depot Load Test 1-17,text,true,,70207,779,4,4,https://www.theitdepot.com/checkout.html,490,0,0
1707558068416,689,cart/shopping-cart.html-190,200,OK,The IT Depot Load Test 1-18,text,true,,106240,817,3,3,https://www.theitdepot.com/shopping-cart.html,581,0,0
1707558068282,1044,search/search.html-96,200,OK,The IT Depot Load Test 1-20,text,true,,174975,748,3,3,https://www.theitdepot.com/search.html?keywords=mouse,900,0,0
1707558068338,997,product/details-Ant+Esports+GM40+Optical+RGB+Wired+Gaming+Mouse+-+Black_C9P38645.html-164,200,OK,The IT Depot Load Test 1-19,text,true,,162164,825,3,3,https://www.theitdepot.com/details-Ant+Esports+GM40+Optical+RGB+Wired+Gaming+Mouse+-+Black_C9P38645.html,884,0,0
1707558069106,624,checkout/checkout.html-211,200,OK,The IT Depot Load Test 1-18,text,true,,70207,779,3,3,https://www.theitdepot.com/checkout.html,553,0,0
1707558069328,807,product/details-Ant+Esports+GM40+Optical+RGB+Wired+Gaming+Mouse+-+Black_C9P38645.html-164,200,OK,The IT Depot Load Test 1-20,text,true,,175240,825,2,2,https://www.theitdepot.com/details-Ant+Esports+GM40+Optical+RGB+Wired+Gaming+Mouse+-+Black_C9P38645.html,660,0,0
1707558069337,824,cart/shopping-cart.html-190,200,OK,The IT Depot Load Test 1-19,text,true,,106240,817,2,2,https://www.theitdepot.com/shopping-cart.html,717,0,0
1707558070136,620,cart/shopping-cart.html-190,200,OK,The IT Depot Load Test 1-20,text,true,,106240,817,2,2,https://www.theitdepot.com/shopping-cart.html,513,0,0
1707558070162,614,checkout/checkout.html-211,200,OK,The IT Depot Load Test 1-19,text,true,,70207,779,2,2,https://www.theitdepot.com/checkout.html,540,0,0
1707558070757,588,checkout/checkout.html-211,200,OK,The IT Depot Load Test 1-20,text,true,,70207,779,1,1,https://www.theitdepot.com/checkout.html,516,0,0
