{
  "search/search.html-96" : {
    "transaction" : "search/search.html-96",
    "sampleCount" : 20,
    "errorCount" : 0,
    "errorPct" : 0.0,
    "meanResTime" : 1168.8000000000004,
    "medianResTime" : 1165.5,
    "minResTime" : 1029.0,
    "maxResTime" : 1428.0,
    "pct1ResTime" : 1300.8000000000002,
    "pct2ResTime" : 1421.85,
    "pct3ResTime" : 1428.0,
    "throughput" : 1.006441223832528,
    "receivedKBytesPerSec" : 171.9746612696256,
    "sentKBytesPerSec" : 0.735173862721417
  },
  "cart/shopping-cart.html-190" : {
    "transaction" : "cart/shopping-cart.html-190",
    "sampleCount" : 20,
    "errorCount" : 0,
    "errorPct" : 0.0,
    "meanResTime" : 787.25,
    "medianResTime" : 754.0,
    "minResTime" : 635.0,
    "maxResTime" : 1340.0,
    "pct1ResTime" : 921.7000000000002,
    "pct2ResTime" : 1319.3499999999997,
    "pct3ResTime" : 1340.0,
    "throughput" : 1.0167251283615475,
    "receivedKBytesPerSec" : 105.48523206751055,
    "sentKBytesPerSec" : 0.8111957322962737
  },
  "Total" : {
    "transaction" : "Total",
    "sampleCount" : 100,
    "errorCount" : 0,
    "errorPct" : 0.0,
    "meanResTime" : 938.4000000000001,
    "medianResTime" : 899.0,
    "minResTime" : 523.0,
    "maxResTime" : 1428.0,
    "pct1ResTime" : 1222.9,
    "pct2ResTime" : 1284.8499999999997,
    "pct3ResTime" : 1427.3099999999997,
    "throughput" : 4.200268817204301,
    "receivedKBytesPerSec" : 586.8526991977486,
    "sentKBytesPerSec" : 3.155123802923387
  },
  "product/details-Ant+Esports+GM40+Optical+RGB+Wired+Gaming+Mouse+-+Black_C9P38645.html-164" : {
    "transaction" : "product/details-Ant+Esports+GM40+Optical+RGB+Wired+Gaming+Mouse+-+Black_C9P38645.html-164",
    "sampleCount" : 20,
    "errorCount" : 0,
    "errorPct" : 0.0,
    "meanResTime" : 886.3999999999999,
    "medianResTime" : 860.5,
    "minResTime" : 748.0,
    "maxResTime" : 1222.0,
    "pct1ResTime" : 1121.0000000000005,
    "pct2ResTime" : 1217.85,
    "pct3ResTime" : 1222.0,
    "throughput" : 1.0081153283935682,
    "receivedKBytesPerSec" : 165.00780501789407,
    "sentKBytesPerSec" : 0.8122022909420838
  },
  "checkout/checkout.html-211" : {
    "transaction" : "checkout/checkout.html-211",
    "sampleCount" : 20,
    "errorCount" : 0,
    "errorPct" : 0.0,
    "meanResTime" : 717.9000000000001,
    "medianResTime" : 665.5,
    "minResTime" : 523.0,
    "maxResTime" : 1286.0,
    "pct1ResTime" : 903.8000000000001,
    "pct2ResTime" : 1266.9999999999998,
    "pct3ResTime" : 1286.0,
    "throughput" : 1.0141987829614605,
    "receivedKBytesPerSec" : 69.53501362829616,
    "sentKBytesPerSec" : 0.7715438007099392
  },
  "home/-43" : {
    "transaction" : "home/-43",
    "sampleCount" : 20,
    "errorCount" : 0,
    "errorPct" : 0.0,
    "meanResTime" : 1131.65,
    "medianResTime" : 1124.0,
    "minResTime" : 1002.0,
    "maxResTime" : 1359.0,
    "pct1ResTime" : 1253.9,
    "pct2ResTime" : 1353.8999999999999,
    "pct3ResTime" : 1359.0,
    "throughput" : 1.0033612602217428,
    "receivedKBytesPerSec" : 192.36884970902523,
    "sentKBytesPerSec" : 0.6633550519239452
  }
}