{
  "search/search.html-96" : {
    "transaction" : "search/search.html-96",
    "sampleCount" : 25,
    "errorCount" : 5,
    "errorPct" : 20.0,
    "meanResTime" : 1153.12,
    "medianResTime" : 1123.0,
    "minResTime" : 984.0,
    "maxResTime" : 1468.0,
    "pct1ResTime" : 1331.4,
    "pct2ResTime" : 1432.6,
    "pct3ResTime" : 1468.0,
    "throughput" : 1.26415857605178,
    "receivedKBytesPerSec" : 216.33244486688412,
    "sentKBytesPerSec" : 0.9252060578478964
  },
  "cart/shopping-cart.html-190" : {
    "transaction" : "cart/shopping-cart.html-190",
    "sampleCount" : 20,
    "errorCount" : 0,
    "errorPct" : 0.0,
    "meanResTime" : 741.9,
    "medianResTime" : 692.5,
    "minResTime" : 620.0,
    "maxResTime" : 1176.0,
    "pct1ResTime" : 895.7,
    "pct2ResTime" : 1161.9999999999998,
    "pct3ResTime" : 1176.0,
    "throughput" : 1.0345541071798054,
    "receivedKBytesPerSec" : 107.33498861990482,
    "sentKBytesPerSec" : 0.8254206109042003
  },
  "Total" : {
    "transaction" : "Total",
    "sampleCount" : 110,
    "errorCount" : 5,
    "errorPct" : 4.5454545,
    "meanResTime" : 949.9727272727271,
    "medianResTime" : 999.0,
    "minResTime" : 564.0,
    "maxResTime" : 1809.0,
    "pct1ResTime" : 1261.7,
    "pct2ResTime" : 1324.85,
    "pct3ResTime" : 1771.4900000000002,
    "throughput" : 4.777623349548297,
    "receivedKBytesPerSec" : 684.4943896857626,
    "sentKBytesPerSec" : 3.566293935132905
  },
  "product/details-Ant+Esports+GM40+Optical+RGB+Wired+Gaming+Mouse+-+Black_C9P38645.html-164" : {
    "transaction" : "product/details-Ant+Esports+GM40+Optical+RGB+Wired+Gaming+Mouse+-+Black_C9P38645.html-164",
    "sampleCount" : 20,
    "errorCount" : 0,
    "errorPct" : 0.0,
    "meanResTime" : 876.2500000000001,
    "medianResTime" : 834.0,
    "minResTime" : 703.0,
    "maxResTime" : 1267.0,
    "pct1ResTime" : 1102.7000000000003,
    "pct2ResTime" : 1259.1499999999999,
    "pct3ResTime" : 1267.0,
    "throughput" : 1.0294420424130122,
    "receivedKBytesPerSec" : 166.73377140917748,
    "sentKBytesPerSec" : 0.8293844579987646
  },
  "checkout/checkout.html-211" : {
    "transaction" : "checkout/checkout.html-211",
    "sampleCount" : 20,
    "errorCount" : 0,
    "errorPct" : 0.0,
    "meanResTime" : 714.4,
    "medianResTime" : 673.0,
    "minResTime" : 564.0,
    "maxResTime" : 1278.0,
    "pct1ResTime" : 883.1000000000001,
    "pct2ResTime" : 1258.6999999999998,
    "pct3ResTime" : 1278.0,
    "throughput" : 1.0511931041732365,
    "receivedKBytesPerSec" : 72.07140064911174,
    "sentKBytesPerSec" : 0.7996869415536634
  },
  "home/-43" : {
    "transaction" : "home/-43",
    "sampleCount" : 25,
    "errorCount" : 0,
    "errorPct" : 0.0,
    "meanResTime" : 1160.72,
    "medianResTime" : 1129.0,
    "minResTime" : 1001.0,
    "maxResTime" : 1809.0,
    "pct1ResTime" : 1365.6000000000001,
    "pct2ResTime" : 1691.0999999999997,
    "pct3ResTime" : 1809.0,
    "throughput" : 1.252567763916028,
    "receivedKBytesPerSec" : 240.2963183901999,
    "sentKBytesPerSec" : 0.8281136486046395
  }
}